area	path	bytes	mtime	ctime	sha12
repo	mindmap_corpus_v20.py	25791	2026-09-29 12:06:04	2026-08-31 09:48:08	e77e7f3455e0
repo	README_V4_2026_09_29.md	57106	2026-09-30 17:12:09	2026-09-29 21:00:59	c2889fbb24bc
repo	_v5_gt_exec_2026_09_29.py	75689	2026-09-29 11:17:03	2026-09-29 11:00:58	eef7b446cc0e
repo	.tmp\f2_branch_fix_transform_2026_09_29.py	18152	2026-09-29 22:53:30	2026-09-29 22:50:43	0a970b156867
repo	.tmp\f2_branch_selftest_2026_09_29.py	7377	2026-09-29 22:54:26	2026-09-29 22:54:26	68a927174a2e
repo	.tmp\_audit3b.txt	50554	2026-09-28 15:20:27	2026-09-28 15:19:10	e64565a2b180
repo	.tmp\_audit_part3_out.txt	5195	2026-09-28 15:18:03	2026-09-28 15:18:03	85a9d9861d38
repo	.tmp\_audit_part4.txt	14826	2026-09-28 15:23:04	2026-09-28 15:23:04	def27c1c3511
repo	.tmp\_b12_q1_refs_2026_09_29.py	4890	2026-09-29 16:24:08	2026-09-29 16:24:08	86b2d9b7b7bd
repo	.tmp\_b12_q1_timeslice_2026_09_29.py	798	2026-09-29 16:30:07	2026-09-29 16:30:07	bacf6379b9bf
repo	.tmp\_b12_q4_adjacent_2026_09_29.py	5709	2026-09-29 16:27:42	2026-09-29 16:27:31	61cbc9965896
repo	.tmp\_b12_q4_anchor_probe_2026_09_29.py	4142	2026-09-29 16:22:52	2026-09-29 16:22:52	129e35128198
repo	.tmp\_b12_q4_exact_2026_09_29.py	7140	2026-09-29 16:26:54	2026-09-29 16:26:37	79eba6136d83
repo	.tmp\_b12_q4_formcand_2026_09_29.py	6510	2026-09-29 16:22:21	2026-09-29 16:22:21	f58f388996d4
repo	.tmp\_b12_tables_2026_09_29.py	1907	2026-09-29 16:30:30	2026-09-29 16:30:30	10db58be72cf
repo	.tmp\_c5_b_prestate_baseline.json	1543	2026-09-29 13:38:54	2026-09-29 13:38:54	09f27c6c1869
repo	.tmp\_c5_feasibility_probe.py	1036	2026-09-29 13:22:43	2026-09-29 13:22:43	d730612b0c9a
repo	.tmp\_cpatomic_dump_pyc_2026_09_28.py	468	2026-09-28 15:53:57	2026-09-28 15:53:57	d7c9ac28b096
repo	.tmp\_cpatomic_keyscan_2026_09_28.json	2672	2026-09-28 15:53:27	2026-09-28 15:52:14	b4e45cffa5cd
repo	.tmp\_cpatomic_keyscan_2026_09_28.py	3074	2026-09-28 15:52:04	2026-09-28 15:52:04	393a8d3fa68f
repo	.tmp\_cpatomic_make_fix_2026_09_28.py	7796	2026-09-28 15:45:51	2026-09-28 15:44:40	76c822b640a0
repo	.tmp\_cpatomic_patch_manifest_2026_09_28.json	357	2026-09-28 15:46:02	2026-09-28 15:44:50	cdb8ebc2ece3
repo	.tmp\_cpatomic_pycache_post_2026_09_28.json	6476	2026-09-28 15:55:37	2026-09-28 15:51:32	1eb3c5c9c62d
repo	.tmp\_cpatomic_pycache_post_2026_09_28.py	5164	2026-09-28 15:51:22	2026-09-28 15:51:22	171b2a31c0e1
repo	.tmp\_cpatomic_pycache_pre_2026_09_28.json	10772	2026-09-28 15:42:39	2026-09-28 15:42:39	0f62453472b7
repo	.tmp\_cpatomic_pycache_pre_2026_09_28.py	3912	2026-09-28 15:42:15	2026-09-28 15:42:15	b86619676bf4
repo	.tmp\_cpatomic_register_2026_09_28.json	29361	2026-09-28 15:52:46	2026-09-28 15:52:46	b68d7ff817bb
repo	.tmp\_cpatomic_register_2026_09_28.py	6322	2026-09-28 15:52:32	2026-09-28 15:52:32	98fe9fa24e80
repo	.tmp\_cpatomic_verify_2026_09_28.json	3144	2026-09-28 15:49:32	2026-09-28 15:48:44	6b820f7da4a4
repo	.tmp\_cpatomic_verify_2026_09_28.py	11036	2026-09-28 15:49:14	2026-09-28 15:46:32	85139011457c
repo	.tmp\_diff21_anchor_drift.py	960	2026-09-28 20:17:33	2026-09-28 20:17:33	de2a99cf1999
repo	.tmp\_diff21_anchor_drift.txt	20994	2026-09-28 20:17:44	2026-09-28 20:17:44	fb648f327945
repo	.tmp\_docwriter_wt2_enum_2026_09_30.tsv	66234	2026-09-30 17:55:32	2026-09-30 17:55:32	8cc264e0ff15
repo	.tmp\_e3536.txt	2248	2026-09-28 15:21:40	2026-09-28 15:21:40	e28953f7623b
repo	.tmp\_e47_docwriter_count.py	1124	2026-09-28 15:44:30	2026-09-28 15:44:30	33cc563b9471
repo	.tmp\_e48_apply.py	2329	2026-09-28 16:17:15	2026-09-28 16:17:15	d4e6f0934e5f
repo	.tmp\_e48_c1.md	5039	2026-09-28 16:13:39	2026-09-28 16:13:39	c2a814a90330
repo	.tmp\_e48_c2.md	5966	2026-09-28 16:14:09	2026-09-28 16:14:09	4d3cae4cbcc0
repo	.tmp\_e48_c3.md	6563	2026-09-28 16:14:52	2026-09-28 16:14:50	769c71475404
repo	.tmp\_e48_c4.md	21710	2026-09-28 16:16:37	2026-09-28 16:16:29	8143d01ca0e1
repo	.tmp\_e48_c5.md	1686	2026-09-28 16:16:51	2026-09-28 16:16:51	2f7ab971f691
repo	.tmp\_e48_docwriter_chain.py	2550	2026-09-28 16:15:13	2026-09-28 16:15:13	da5e16e02b7d
repo	.tmp\_e48_docwriter_enum.py	1248	2026-09-28 16:13:06	2026-09-28 16:13:06	80bad142f13d
repo	.tmp\_e48_docwriter_hash.py	2578	2026-09-28 16:08:02	2026-09-28 16:08:02	4656b3b734c5
repo	.tmp\_e48_docwriter_hash2.py	1229	2026-09-28 16:11:52	2026-09-28 16:11:52	9a3c5b05e29e
repo	.tmp\_e48_probe_register.py	873	2026-09-28 16:10:10	2026-09-28 16:10:10	d92f74712dab
repo	.tmp\_e49_c1.md	13607	2026-09-29 13:13:15	2026-09-29 13:13:11	1e6e30d4ce4d
repo	.tmp\_e49_c2.md	17872	2026-09-29 13:14:18	2026-09-29 13:13:58	11beaed14ea7
repo	.tmp\_e50_c1.md	16236	2026-09-30 17:02:47	2026-09-29 13:57:06	aa3ebcdd1808
repo	.tmp\_e50_c2.md	17220	2026-09-30 17:02:47	2026-09-29 13:57:51	25aeb4c13a66
repo	.tmp\_en_final_2026_09_28.py	2369	2026-09-28 18:46:57	2026-09-28 18:46:57	97a05aace5a8
repo	.tmp\_en_verify2_2026_09_28.py	1870	2026-09-28 18:44:24	2026-09-28 18:44:24	7e84e75cb838
repo	.tmp\_en_verify3_2026_09_28.py	1638	2026-09-28 18:45:03	2026-09-28 18:45:03	658292cce916
repo	.tmp\_en_verify4_2026_09_28.py	1484	2026-09-28 18:45:30	2026-09-28 18:45:22	7eaeb9b4ba48
repo	.tmp\_en_verify_2026_09_28.py	6071	2026-09-28 18:43:13	2026-09-28 18:43:13	51d9410d459b
repo	.tmp\_execswitch_verify_2026_09_28.py	3501	2026-09-28 16:58:51	2026-09-28 16:58:51	0814f3c2d7ab
repo	.tmp\_final_sha.py	1435	2026-09-28 15:25:11	2026-09-28 15:25:11	8ea91ad82b9d
repo	.tmp\_final_sha.txt	611	2026-09-28 15:25:23	2026-09-28 15:25:23	548d466d81a9
repo	.tmp\_gaps.txt	435	2026-09-28 15:23:34	2026-09-28 15:23:34	3f03d0608731
repo	.tmp\_gaps2.txt	2377	2026-09-28 15:24:05	2026-09-28 15:24:05	4d899338b548
repo	.tmp\_hash21.py	944	2026-09-28 20:05:13	2026-09-28 20:04:12	0d5335f0ac54
repo	.tmp\_patch21_emit.py	17106	2026-09-28 20:26:10	2026-09-28 20:26:10	1d3c8aea6bad
repo	.tmp\_patch21_make.py	8807	2026-09-28 20:20:05	2026-09-28 20:20:05	b6cfdfaf80fa
repo	.tmp\_patch21_run.py	3866	2026-09-28 20:20:37	2026-09-28 20:20:37	6333d9256716
repo	.tmp\_pkf34_f3.py	3068	2026-09-28 15:12:48	2026-09-28 15:12:48	389b3fdecd29
repo	.tmp\_pkf34_f34.py	4282	2026-09-28 15:19:40	2026-09-28 15:19:40	a972a0383cf4
repo	.tmp\_pkf34_f3b.py	2703	2026-09-28 15:14:55	2026-09-28 15:14:55	e1bcbf3897d8
repo	.tmp\_pkf34_f4.py	3958	2026-09-28 15:15:32	2026-09-28 15:15:32	880a69b9cf29
repo	.tmp\_pkf34_f4b.py	4401	2026-09-28 15:16:34	2026-09-28 15:16:34	e97f6ee41bec
repo	.tmp\_pkf34_f4c.py	3045	2026-09-28 15:18:35	2026-09-28 15:18:35	c758efa2a529
repo	.tmp\_pkf34_f4d.py	3686	2026-09-28 15:21:17	2026-09-28 15:21:17	fb565a667edc
repo	.tmp\_pkf34_final.py	5903	2026-09-28 15:22:31	2026-09-28 15:22:31	4b6140aaa618
repo	.tmp\_pkf34_nd.py	2537	2026-09-28 15:24:13	2026-09-28 15:24:13	527883f7ebb8
repo	.tmp\_pkf34_probe1.py	633	2026-09-28 15:10:41	2026-09-28 15:10:41	fcc4f0121813
repo	.tmp\_pkf34_probe2.py	604	2026-09-28 15:11:41	2026-09-28 15:11:41	3c43f2112417
repo	.tmp\_pkf34_v12.py	5639	2026-09-28 15:23:28	2026-09-28 15:23:28	c650b0c20eee
repo	.tmp\_pk_sha_scan.py	599	2026-09-29 18:32:20	2026-09-29 18:32:20	df460eaec619
repo	.tmp\_probe21.py	564	2026-09-28 20:02:53	2026-09-28 20:01:55	5a40370032b3
repo	.tmp\_probe21_fields.py	2876	2026-09-28 20:16:11	2026-09-28 20:16:11	185fd4c7aeee
repo	.tmp\_r10.py	1525	2026-09-28 15:24:35	2026-09-28 15:24:35	1b012cd12a00
repo	.tmp\_r10.txt	3867	2026-09-28 15:24:43	2026-09-28 15:24:43	7f96aa9bb271
repo	.tmp\_r11_ctx.txt	4106	2026-09-28 15:21:12	2026-09-28 15:21:12	25e2c97e9a17
repo	.tmp\_r1_alarm_test.py	2297	2026-09-28 15:14:54	2026-09-28 15:14:54	c44a09297f1a
repo	.tmp\_r1_scratch_bom.json	17	2026-09-28 15:15:12	2026-09-28 15:15:12	339de051e817
repo	.tmp\_r1_scratch_corrupt_a.json	15	2026-09-28 15:15:12	2026-09-28 15:14:36	40a850e41f3e
repo	.tmp\_r1_scratch_good.json	14	2026-09-28 15:15:12	2026-09-28 15:15:12	ac623f06604c
repo	.tmp\_r3_header_fix_2026_09_28.py	3280	2026-09-28 17:24:56	2026-09-28 17:24:56	6f8cec0fe006
repo	.tmp\_r3_verify_2026_09_28.py	5494	2026-09-28 17:26:33	2026-09-28 17:25:18	721e52f9d55f
repo	.tmp\_r4_cleanup_worker_keycount_2026_09_29.py	1909	2026-09-29 14:08:03	2026-09-29 14:07:25	ca0cbafed00b
repo	.tmp\_r4_cleanup_worker_keyscan_2026_09_29.py	3561	2026-09-29 14:10:46	2026-09-29 14:10:30	01e1ac2ef239
repo	.tmp\_r4_cleanup_worker_keyscan_results_2026_09_29.json	75	2026-09-29 14:10:57	2026-09-29 14:10:57	f3e8ae7a6db9
repo	.tmp\_r4_cleanup_worker_nearmiss_2026_09_29.py	1382	2026-09-29 14:08:35	2026-09-29 14:08:35	22336cc16500
repo	.tmp\_r4_cleanup_worker_scan_2026_09_29.py	2411	2026-09-29 14:04:31	2026-09-29 14:02:51	af404c489392
repo	.tmp\_r4_cleanup_worker_shape_2026_09_29.py	1110	2026-09-29 14:08:58	2026-09-29 14:08:58	f7f6313edce8
repo	.tmp\_r6_evidence.py	2525	2026-09-28 15:19:39	2026-09-28 15:19:39	4de12a4f441b
repo	.tmp\_r6_evidence.txt	30834	2026-09-28 15:19:54	2026-09-28 15:19:54	eaed8c0a509e
repo	.tmp\_run_d6b_addendum_2026_09_28.py	31468	2026-09-28 14:59:58	2026-09-28 14:59:58	f0a4e919eeaa
repo	.tmp\_run_d6_addendum_2026_09_28.py	23204	2026-09-28 13:46:23	2026-09-28 13:45:44	e472ea36ed08
repo	.tmp\_run_d8_addendum_2026_09_30.py	107959	2026-09-30 16:17:55	2026-09-30 16:16:49	7ce330b3e5ae
repo	.tmp\_run_d8_bhalf_addendum_2026_09_30.py	40576	2026-09-30 16:21:44	2026-09-30 16:21:44	90fa2c443529
repo	.tmp\_t15r2_checkpoint_warn.jsonl	914	2026-09-28 15:15:12	2026-09-28 15:15:12	e8a146d6998f
repo	.tmp\_tail3_atomic_landing_check_2026_09_29.py	2699	2026-09-29 11:23:08	2026-09-29 11:23:08	5c19cf8f29fb
repo	.tmp\_tail3_atomic_make_2026_09_29.json	19595	2026-09-29 11:12:41	2026-09-29 11:10:34	6c6fb7078a9d
repo	.tmp\_tail3_atomic_make_2026_09_29.py	17272	2026-09-29 11:12:32	2026-09-29 11:09:35	94d57549533b
repo	.tmp\_tail3_atomic_refs_2026_09_29.json	5784	2026-09-29 11:18:47	2026-09-29 11:18:47	d6a3361a794a
repo	.tmp\_tail3_atomic_refs_2026_09_29.py	2636	2026-09-29 11:18:36	2026-09-29 11:18:36	4e8ea9bea948
repo	.tmp\_tail3_atomic_verify_2026_09_29.json	11116	2026-09-29 11:18:10	2026-09-29 11:15:08	e4226aaf3380
repo	.tmp\_tail3_atomic_verify_2026_09_29.py	21338	2026-09-29 11:17:43	2026-09-29 11:13:45	8d12c9c9cb2d
repo	.tmp\_trae_audit_part1.py	5510	2026-09-28 15:16:16	2026-09-28 15:16:16	ac67b341b56b
repo	.tmp\_trae_audit_part2.py	3632	2026-09-28 15:16:42	2026-09-28 15:16:42	9faaa564c3bc
repo	.tmp\_trae_audit_part3.py	8617	2026-09-28 15:17:48	2026-09-28 15:17:48	f4c994004311
repo	.tmp\_trae_audit_part3b.py	7662	2026-09-28 15:18:57	2026-09-28 15:18:57	c1a9a6c3c17a
repo	.tmp\_trae_audit_part4.py	7173	2026-09-28 15:22:52	2026-09-28 15:22:20	bc8d4721bf3b
repo	.tmp\_v5_c5_b_clause4_consistency_check.py	6528	2026-09-29 13:42:09	2026-09-29 13:41:47	56ad3329a3c7
repo	.tmp\_v5_c5_b_fetch_raw_embeddings.py	9476	2026-09-29 13:39:27	2026-09-29 13:39:27	8e4f2ae63de3
repo	.tmp\_v5_item21_anchor_driver.py	5401	2026-09-28 20:00:07	2026-09-28 19:58:52	cb14f672dd1e
repo	.tmp\_v5_item21_patch.diff	19685	2026-09-28 20:20:12	2026-09-28 20:20:12	09ff35c987d4
repo	.tmp\_v5_item21_patched_b1_semA_none_default.py	16768	2026-09-28 20:20:12	2026-09-28 20:20:12	ceb33de660fd
repo	.tmp\_v5_item21_patched_b1_semB_none_skip.py	16829	2026-09-28 20:20:12	2026-09-28 20:20:12	be0208abaffa
repo	.tmp\_v5_item21_patched_b2_semA_none_default.py	16036	2026-09-28 20:20:12	2026-09-28 20:20:12	801ee31e8bdc
repo	.tmp\_v5_item21_patched_b2_semB_none_skip.py	16097	2026-09-28 20:20:12	2026-09-28 20:20:12	8293535673dc
repo	.tmp\_v5_item21_patched_b3_semA_none_default.py	15778	2026-09-28 20:20:12	2026-09-28 20:20:12	9d8a4a875b62
repo	.tmp\_v5_item21_patched_b3_semB_none_skip.py	15839	2026-09-28 20:20:12	2026-09-28 20:20:12	8df8e94724ff
repo	.tmp\_v5_loadcorpus_verify_2026_09_29.py	8798	2026-09-29 13:38:56	2026-09-29 11:55:10	564e3575ab1d
repo	.tmp\_v5_qwen_retry_candidates_20260929.py	1689	2026-09-29 11:09:26	2026-09-29 11:09:26	f42600827cc3
repo	.tmp\_v5_qwen_retry_introspect_20260929.py	3149	2026-09-29 11:08:54	2026-09-29 11:08:54	117b64fc1d5b
repo	.tmp\_verify_d8_addendum_2026_09_30.py	4900	2026-09-30 16:18:13	2026-09-30 16:18:13	28de8c99c054
repo	.tmp\_verify_two_pieces_2026_09_30.py	4739	2026-09-30 16:22:07	2026-09-30 16:22:00	509afa876df0
repo	.tmp\verif_doubt6\baseline_pre.json	95135	2026-09-29 12:08:31	2026-09-28 20:26:19	8406cb842cac
repo	deposon_team\plugins\boss_pa_1_rbr_rm_v3df_c1c4_2026_09_29.py	61102	2026-09-29 12:05:45	2026-09-29 12:02:18	7761f2c339e6
repo	deposon_team\plugins\boss_pa_1_rbr_rm_v3df_p1_reopen_2026_09_29.py	91135	2026-09-29 13:40:58	2026-09-29 13:36:40	77724bce0c06
repo	deposon_team\plugins\_p_d_b3_merkle_22caption_runner_v0_4_2026_09_29.py	20322	2026-09-29 13:43:09	2026-09-29 13:43:09	de16bc002198
repo	deposon_team\plugins\_v3n_cpath_live_r1_2026_09_27.py	28187	2026-09-27 20:54:38	2026-09-27 20:51:07	321d39c7df41
repo	deposon_team\plugins\_v5r_s40_rerun_executor_fix_2026_09_29.py	17665	2026-09-29 19:19:06	2026-09-29 19:19:06	a4ae5d5f19c8
repo	deposon_team\plugins\_v5_gt8_lowarm_2026_09_29.py	57033	2026-09-29 15:28:35	2026-09-29 15:19:49	9b21988afff7
repo	deposon_team\plugins\_v5_gt8_lowarm_setA_2026_09_29.py	43224	2026-09-29 15:27:05	2026-09-29 15:27:05	f72f062f6b67
repo	deposon_team\plugins\_v5_gt8_lowarm_seta_verify_2026_09_29.py	15553	2026-09-29 15:33:15	2026-09-29 15:28:19	bed2d444c196
repo	deposon_team\plugins\_v5_item21_strategyqa_realias_2026_09_29.py	25482	2026-09-29 16:15:43	2026-09-29 16:12:00	aaaae1f02815
repo	deposon_team\plugins\_v5_item35_v2_matrix_2026_09_29.py	44777	2026-09-29 12:23:55	2026-09-29 12:17:10	ef73f9b90afc
repo	deposon_team\plugins\_v5_item35_v3_collinear_2026_09_29.py	63376	2026-09-29 14:21:40	2026-09-29 14:21:40	7115928822a1
repo	deposon_team\plugins\_v5_pp1_pattern_fix_2026_09_29.py	22544	2026-09-29 17:31:40	2026-09-29 17:31:04	e3cf9d552f30
repo	docs\GT_RECONSTRUCTION.md	13424	2026-09-28 22:57:17	2026-08-31 09:48:08	cff15d000d47
repo	docs\V3X\TRAE_V3_ASSET_ERRATUM_2026_09_23.md	857551	2026-09-29 19:42:49	2026-09-23 13:26:32	41f5f1689d09
repo	letters\_minimax_feedback_log_bloat_2026_09_29.md	13361	2026-09-29 22:56:25	2026-09-29 22:44:07	79ff4043169a
repo	letters\_v3_calibration_change_note_for_coze_glm_2026_09_27.md	42948	2026-09-27 20:43:21	2026-09-27 12:21:15	dda07ad77910
repo	letters\_v4_acceptance_trae_code_2026_09_20.md	7746	2026-09-30 16:14:47	2026-09-20 14:29:54	3e2f1c84e86d
repo	letters\_v4_commission_inventory_anchor_note_2026_09_29.md	2655	2026-09-29 13:25:03	2026-09-29 13:25:03	849f8eba5bf0
repo	letters\_v4_distillation_invitation_2026_09_20_v1.0.md	54784	2026-09-30 16:14:47	2026-09-20 16:38:12	e4b00fa97d03
repo	letters\_v4_experiment_invitation_2026_09_20.md	32164	2026-09-30 16:14:47	2026-09-20 13:37:03	20f8242de6ca
repo	letters\_v4_experiment_invitation_2026_09_20_v0.2.md	43024	2026-09-30 16:14:47	2026-09-20 16:06:52	72fc2e7fb098
repo	letters\_v4_ide_track_review_trae_code_supplement_2026_09_20.md	13263	2026-09-30 16:14:47	2026-09-20 15:02:10	f88e429717aa
repo	letters\_v4_theme_reply_mavis_2026_09_20.md	37980	2026-09-30 16:14:47	2026-09-20 17:08:33	5d932d7085cd
repo	letters\_v4_theme_reply_mavis_2026_09_20_v1.1.md	38085	2026-09-30 16:14:47	2026-09-20 17:22:06	5c61f61f1f7e
repo	letters\_v4_theme_reply_mavis_2026_09_20_v1.2.md	38087	2026-09-30 16:14:47	2026-09-20 17:39:33	f1d73c82511d
repo	letters\_v4_wide_walkthrough_reply_trae_code_2026_09_27.md	20610	2026-09-27 20:28:20	2026-09-27 20:27:42	9a98abf3119a
repo	letters\_v5_rj5_external_rederive_request_2026_09_28.md	31381	2026-09-28 18:22:06	2026-09-28 18:21:38	cfd58ae66463
repo	letters\_v5_rj5_external_rederive_request_EN_2026_09_28.md	51013	2026-09-28 18:47:14	2026-09-28 18:41:59	498215a9ec7d
repo	results\_archive_cleanup_extension_2026_09_28.md	28774	2026-09-28 20:03:52	2026-09-28 20:03:52	889d15247607
repo	results\_archive_cleanup_non_upload_2026_09_28.md	56714	2026-09-28 19:09:12	2026-09-28 19:06:28	34f2c63306b8
repo	results\_archive_manifest_non_upload_v2_2026_09_28.json	236651	2026-09-28 19:02:06	2026-09-28 18:46:17	84eef669234b
repo	results\_archive_manifest_non_upload_v3_2026_09_28.json	204256	2026-09-28 20:00:44	2026-09-28 19:59:07	a2e4c5a9b713
repo	results\_archive_moveout_register_2026_09_29.md	13363	2026-09-29 21:20:14	2026-09-29 21:20:14	56639e57ac06
repo	results\_cleanup_round2_register_2026_09_29.md	36245	2026-09-29 22:20:14	2026-09-29 22:17:10	ee47a2ec49f4
repo	results\_clearance_evening_round_register_2026_09_29.md	18201	2026-09-29 22:49:26	2026-09-29 22:49:26	9c5543961e27
repo	results\_d8_boundary_revision_register_2026_09_30.md	32406	2026-09-30 14:00:09	2026-09-30 14:00:09	b46370bb9e3b
repo	results\_d8_collection_ledger_2026_09_30.md	20290	2026-09-30 16:42:14	2026-09-30 13:00:59	031dd8429048
repo	results\_d8_dup_overlap_disposal_2026_09_30.md	32350	2026-09-30 14:14:24	2026-09-30 14:14:03	de8691727842
repo	results\_d8_supplement_open_questions_2026_09_30.md	24833	2026-09-30 13:14:41	2026-09-30 13:13:51	579b375e9508
repo	results\_f2_branch_fix_register_2026_09_29.md	22940	2026-09-29 22:57:03	2026-09-29 22:57:03	a0cab58c032e
repo	results\_f2_closeout_note_2026_09_29.md	16317	2026-09-29 23:05:32	2026-09-29 23:05:31	1599cb99abf3
repo	results\_fake_verdict_reverify_sixitem_ledger_2026_09_30.md	40957	2026-09-30 17:25:45	2026-09-30 17:02:30	41d7b76ea4d6
repo	results\_fake_verdict_session_log_reverify_2026_09_30.md	25953	2026-09-30 12:54:50	2026-09-30 12:54:50	c14094bdf815
repo	results\_forgotten_recovery_register_2026_09_29.md	47494	2026-09-29 21:39:46	2026-09-29 21:35:36	d78be896bcb6
repo	results\_full_tidy_inventory_register_2026_09_30.md	27687	2026-09-30 17:48:12	2026-09-30 17:48:12	33f68dbfbd6f
repo	results\_naming_ruling_note_2026_09_29.md	7843	2026-09-29 21:18:08	2026-09-29 21:18:08	57024f2cd30a
repo	results\_plan_v3_pending_verify_2026_09_30.md	39193	2026-09-30 17:03:36	2026-09-30 17:02:39	4ba2ca44d8f7
repo	results\_readme_proper_batch_recheck_register_2026_09_30.md	20781	2026-09-30 17:13:36	2026-09-30 17:13:36	2e530923457e
repo	results\_skill_cache_inventory_and_reference_update_advice_2026_09_30.md	31692	2026-09-30 15:32:36	2026-09-30 15:32:36	c14489750416
repo	results\_skill_call_surface_probe_2026_09_30.md	32261	2026-09-30 16:52:00	2026-09-30 16:49:37	112346df64fb
repo	results\_skill_call_surface_probe_supplement_a_2026_09_30.md	50658	2026-09-30 17:25:29	2026-09-30 17:17:07	a06316c3c7f2
repo	results\_skill_call_surface_probe_supplement_b_2026_09_30.md	82744	2026-09-30 17:36:35	2026-09-30 17:20:47	69d311e6a4c7
repo	results\_skill_erratum_and_parent_success_note_2026_09_30.md	24143	2026-09-30 16:16:31	2026-09-30 16:14:41	7a64949402d9
repo	results\_skill_load_failure_window_readonly_facts_2026_09_30.md	23065	2026-09-30 16:16:36	2026-09-30 16:15:48	9f5b73620b8a
repo	results\_skill_reference_erratum_and_runtime_anchor_experiment_2026_09_30.md	30771	2026-09-30 17:25:45	2026-09-30 15:51:14	16861e71305f
repo	results\_skill_reference_update_and_user_surface_survey_2026_09_30.md	60621	2026-09-30 17:49:57	2026-09-30 16:17:39	cb7b7ec9ebcd
repo	results\_theory_input_request_supplement_2026_09_29.md	47731	2026-09-30 17:01:40	2026-09-29 22:50:02	d225c6086e57
repo	results\_v3_recheck_01_rescript_2026_09_27.md	14541	2026-09-30 16:15:20	2026-09-27 15:54:47	a3c95102290f
repo	results\_v3_recheck_04_rescript_2026_09_27.md	14780	2026-09-30 16:15:20	2026-09-27 15:56:59	34099595fe75
repo	results\_v3_recheck_05_executor_2026_09_28.py	38639	2026-09-28 13:27:45	2026-09-28 13:23:38	d6c8bc163e11
repo	results\_v3_recheck_05_rescript_2026_09_28.md	22178	2026-09-28 13:29:42	2026-09-28 13:29:28	88b7eaf8675d
repo	results\_v3_recheck_05_result_2026_09_28.json	450701	2026-09-28 13:28:21	2026-09-28 13:24:18	f63b36b75a51
repo	results\_v3_recheck_12_jsv_check_2026_09_27.md	15821	2026-09-30 16:15:20	2026-09-27 16:20:02	c5eab30e9fc6
repo	results\_v3_recheck_12_rescript_2026_09_27.md	21222	2026-09-30 16:15:20	2026-09-27 15:57:59	776c86c735f8
repo	results\_v3_recheck_26b_executor_r2_2026_09_28.py	52272	2026-09-28 22:47:39	2026-09-28 22:44:57	0808af6212c5
repo	results\_v3_recheck_26b_executor_r3_2026_09_29.py	64959	2026-09-29 10:50:41	2026-09-29 10:48:02	6c83e7a7ca2e
repo	results\_v3_recheck_26b_r3_result_2026_09_29.json	54294	2026-09-29 19:08:57	2026-09-29 19:08:07	c9d3c9f819f1
repo	results\_v3_recheck_26b_rescript_2026_09_27.md	30552	2026-09-30 16:15:20	2026-09-27 15:50:37	ae81d9b59054
repo	results\_v3_recheck_26_preexp_report_2026_09_27.md	23048	2026-09-30 16:15:20	2026-09-27 15:31:34	a46230e344af
repo	results\_v3_recheck_35_result_2026_09_27.json	35091	2026-09-29 12:07:14	2026-09-27 16:17:50	a8a4befb21f5
repo	results\_v3_recheck_prereg_v1p2_2026_09_27.md	38932	2026-09-30 16:15:20	2026-09-27 16:30:13	9da148037744
repo	results\_v3_recheck_prereg_v1p2_2026_09_29.md	25854	2026-09-29 18:34:16	2026-09-29 18:34:16	a667a5f69b7a
repo	results\_v3_recheck_prereg_v1p3_2026_09_27.md	35200	2026-09-30 16:15:20	2026-09-27 17:08:27	272ed65bf50e
repo	results\_v3_recheck_prereg_v1p4_2026_09_27.md	69406	2026-09-28 15:27:29	2026-09-27 19:15:29	5294e4a2bd14
repo	results\_v3_recheck_prereg_v1p5_2026_09_29.md	18680	2026-09-29 19:22:00	2026-09-29 19:22:00	7b1374578de4
repo	results\_v3_recheck_verdict_register_2026_09_27.md	112085	2026-09-30 16:15:20	2026-09-27 17:18:28	d9b6b974cfc1
repo	results\_v3_s3_collection_brief_2026_09_28.md	19045	2026-09-28 13:38:11	2026-09-28 13:38:11	d5ba1161e37f
repo	results\_v3_s3_wordexpand_recheck_r1_2026_09_28.json	33867	2026-09-28 14:04:43	2026-09-28 13:59:05	67ccea282d1c
repo	results\_v3_v4_achievements_inventory_2026_09_24.md	194083	2026-09-30 16:18:35	2026-09-24 17:22:25	965db22e9130
repo	results\_v3_v4_achievements_inventory_3dir_2026_09_24.md	355819	2026-09-29 12:12:36	2026-09-24 18:37:33	df7e9cd39251
repo	results\_v4_01_knifeedge_independent_review_2026_09_29.md	19731	2026-09-29 15:49:57	2026-09-29 15:46:56	a66b4159793f
repo	results\_v4_85_77_attribution_verifier_r1_2026_09_29.md	17727	2026-09-29 16:04:04	2026-09-29 16:03:44	cd8ebaa86e44
repo	results\_v4_bom_u1_prereg_2026_09_28.md	19185	2026-09-28 18:33:05	2026-09-28 18:10:09	5456acbf2cb5
repo	results\_v4_checkpoint_atomic_and_pycache_2026_09_28.md	25470	2026-09-28 15:55:24	2026-09-28 15:55:24	52b3dec13e06
repo	results\_v4_concl_t_verify_2026_09_28.md	13237	2026-09-28 19:32:52	2026-09-28 19:32:52	927adba66e9b
repo	results\_v4_daily_cleanup_2026_09_28.md	25491	2026-09-28 18:29:44	2026-09-28 18:22:44	f56e6fbf04ef
repo	results\_v4_effective_register_2026_09_28.md	30607	2026-09-28 14:22:37	2026-09-28 14:22:25	2a65c1274202
repo	results\_v4_evidence_audit_reconcile_2026_09_26.md	24168	2026-09-30 16:15:20	2026-09-26 16:44:04	fe907046eda1
repo	results\_v4_exec_surface_switch_2026_09_28.md	28506	2026-09-28 17:28:07	2026-09-28 17:01:08	3bc852e0d48b
repo	results\_v4_gamma_r1_exec_2026_09_28.md	21496	2026-09-28 17:38:42	2026-09-28 17:38:42	0d946e65ba3c
repo	results\_v4_gamma_r1_prereg_2026_09_28.md	33489	2026-09-30 16:15:20	2026-09-28 17:01:19	c9da8678cf2b
repo	results\_v4_gamma_r1_prereg_v2_stop_2026_09_28.md	17999	2026-09-28 19:36:48	2026-09-28 19:36:48	9349e2fdb537
repo	results\_v4_gamma_r1_sources_20260928_S1.md	2944	2026-09-28 17:36:55	2026-09-28 17:36:55	3d6e997aa692
repo	results\_v4_gamma_r1_sources_20260928_S2.md	2647	2026-09-28 17:37:02	2026-09-28 17:37:02	dcec110ca2e0
repo	results\_v4_gamma_r1_sources_20260928_S3.md	2554	2026-09-28 17:37:12	2026-09-28 17:37:12	6b9761d710ca
repo	results\_v4_gamma_r1_sources_20260928_S4.md	3050	2026-09-28 17:37:22	2026-09-28 17:37:22	16af6baf8463
repo	results\_v4_gamma_r1_sources_20260928_S5_faceD.md	2264	2026-09-28 17:37:38	2026-09-28 17:37:38	4f77d49756db
repo	results\_v4_item04_closeout_prereg_2026_09_28.md	26719	2026-09-28 18:33:05	2026-09-28 18:09:33	176e2b1c95ae
repo	results\_v4_item04_textfix_prereg_v1x_2026_09_28.md	42153	2026-09-28 17:46:40	2026-09-28 17:21:18	4ad2695935d3
repo	results\_v4_noise_cleanup_manifest_v4_2026_09_27.md	38001	2026-09-27 21:19:39	2026-09-27 21:19:15	82e90ff496ae
repo	results\_v4_pending_decisions_2026_09_28.md	24676	2026-09-30 16:15:20	2026-09-28 16:10:52	fe4671517827
repo	results\_v4_pi_cot_v3_dataset_addendum_d6b_2026_09_28.json	27009	2026-09-28 15:00:07	2026-09-28 15:00:07	5d94a8617b5b
repo	results\_v4_pi_cot_v3_dataset_addendum_d6_2026_09_28.json	19214	2026-09-28 13:46:29	2026-09-28 13:45:49	9669efa804b7
repo	results\_v4_pi_cot_v3_dataset_addendum_d8_bhalf_2026_09_30.json	58581	2026-09-30 16:21:49	2026-09-30 16:21:49	b02ef31f1e4e
repo	results\_v4_pi_cot_v3_dataset_addendum_d8_sq_2026_09_30.json	374072	2026-09-30 16:18:01	2026-09-30 16:18:01	769ef8b71462
repo	results\_v4_pi_cot_v3_dataset_addendum_s3_d7_2026_09_29.json	17252	2026-09-29 10:57:48	2026-09-29 10:57:48	c0ebbd1f4633
repo	results\_v4_pi_cot_v3_lock_and_rejudge_register_2026_09_28.md	12152	2026-09-28 14:04:07	2026-09-28 14:03:36	ae154971d1d2
repo	results\_v4_pi_cot_v3_missing_ledger_correction_2026_09_28.md	12851	2026-09-28 14:03:02	2026-09-28 14:03:02	44c4d570375c
repo	results\_v4_pi_cot_v3_questionnaire_v2_d8_2026_09_28.md	53581	2026-09-28 15:19:16	2026-09-28 15:18:26	238077d25919
repo	results\_v4_pi_cot_v3_v3r1_rescript_2026_09_27.md	11385	2026-09-30 16:15:20	2026-09-27 17:49:03	75aedf9ba95e
repo	results\_v4_r4_cleanup_execution_2026_09_29.md	15357	2026-09-29 14:12:44	2026-09-29 14:12:27	3932b46b16ce
repo	results\_v4_rj5_rederive_2026_09_28.md	22145	2026-09-28 18:13:12	2026-09-28 18:13:05	34ec49511ee3
repo	results\_v4_rj5_rederive_appendix_2026_09_28.md	9226	2026-09-28 18:13:40	2026-09-28 18:13:40	985673661209
repo	results\_v4_slow_cleanup_manifest_2026_09_28.md	15693	2026-09-30 16:15:20	2026-09-28 15:16:41	012501569aea
repo	results\_v4_supp_l14v3_model_mapping_2026_09_24.md	49326	2026-09-30 16:15:20	2026-09-24 23:14:26	9ba12a0fbac1
repo	results\_v4_supp_l14v3_n26_verdict.md	65978	2026-09-30 16:15:20	2026-09-26 17:49:37	df6453d57f8a
repo	results\_v4_supp_l14_n11full_verdict.md	19697	2026-09-29 16:25:57	2026-09-29 16:25:57	8eef73bf9856
repo	results\_v4_supp_prereg_v02_add_L14V3_2026_09_24.md	62847	2026-09-30 16:15:20	2026-09-24 20:33:20	e7c3e2ef4e6b
repo	results\_v4_supp_t15r2_executor_r0_atomic_2026_09_29.py	89083	2026-09-29 11:12:41	2026-09-29 11:10:34	678032f726a8
repo	results\_v4_supp_t15r2_executor_r1_2026_09_28.py	90390	2026-09-28 15:14:04	2026-09-28 15:13:40	e0936a68fa82
repo	results\_v4_supp_t15r2_executor_r2_atomic_2026_09_28.py	92915	2026-09-28 15:44:50	2026-09-28 15:44:50	215db16a0556
repo	results\_v4_supp_t15r2_executor_r3_2026_09_28.py	92915	2026-09-28 17:25:01	2026-09-28 17:25:01	4f514b3fb4b8
repo	results\_v4_supp_t15r2_verdict.md	65638	2026-09-30 16:15:20	2026-09-26 17:28:02	963725dbd82a
repo	results\_v4_supp_t15_executor_r0_atomic_2026_09_29.py	66317	2026-09-29 11:12:41	2026-09-29 11:10:34	7da23c0e94cf
repo	results\_v4_supp_t15_executor_r1_2026_09_27.py	67517	2026-09-27 20:51:43	2026-09-27 20:51:07	6d22444c65af
repo	results\_v4_supp_t15_executor_r2_atomic_2026_09_28.py	70056	2026-09-28 15:46:02	2026-09-28 15:46:02	9e89e021ea03
repo	results\_v4_supp_t15_executor_r3_2026_09_28.py	70056	2026-09-28 17:25:01	2026-09-28 17:25:01	b86cce242abe
repo	results\_v4_supp_t15_verdict.md	54377	2026-09-30 16:15:20	2026-09-25 01:30:40	3cb5c2f59961
repo	results\_v4_supp_t1_verdict.md	29106	2026-09-30 16:15:20	2026-09-24 22:38:22	0ad42625f333
repo	results\_v4_tmp_cleanup_2026_09_28.md	5131	2026-09-28 18:05:44	2026-09-28 18:05:44	b8338bdd33f2
repo	results\_v4_trae_remaining_audit_2026_09_28.md	39681	2026-09-28 15:28:25	2026-09-28 15:26:41	1a8648083228
repo	results\_v5r_s40_recompute_2026_09_29.json	4992	2026-09-29 19:19:15	2026-09-29 19:19:15	5be465342ae1
repo	results\_v5_agent_trio_post_reorg_note_2026_09_29.md	9795	2026-09-29 14:17:11	2026-09-29 14:17:11	9c7182d93049
repo	results\_v5_alias_table_d01_d04_c01_c03_2026_09_29.md	15315	2026-09-29 14:10:27	2026-09-29 14:10:27	b3e39064d7c5
repo	results\_v5_anchor_drift_backfill_2026_09_28.md	14438	2026-09-28 22:59:46	2026-09-28 22:59:46	6f1edd1ccebb
repo	results\_v5_a_system_default_register_2026_09_28.md	19892	2026-09-28 23:00:28	2026-09-28 23:00:16	8c22796a42f5
repo	results\_v5_b12_verify_pack_q1_q3_q4_2026_09_29.md	33803	2026-09-29 16:32:42	2026-09-29 16:32:42	698262e6fe8b
repo	results\_v5_b14_08c_material_plan_2026_09_29.md	22104	2026-09-29 17:26:18	2026-09-29 17:26:13	b69d65cbb329
repo	results\_v5_b14_1_k04_caliber_fixation_2026_09_29.md	13127	2026-09-29 16:51:32	2026-09-29 16:51:32	697145c8352d
repo	results\_v5_b14_3_v1_4_prereg_2026_09_29.md	20045	2026-09-29 16:55:29	2026-09-29 16:52:50	0f1665e7056f
repo	results\_v5_b14_4_v1_3_prereg_2026_09_29.md	20043	2026-09-29 16:55:31	2026-09-29 16:54:08	ae474bf48c62
repo	results\_v5_b14_p41c_independent_judgment_2026_09_29.md	22437	2026-09-29 19:13:24	2026-09-29 19:13:24	b752582bc692
repo	results\_v5_b14_r3_anchor_retrieval_2026_09_29.md	23023	2026-09-29 18:56:44	2026-09-29 18:56:44	6e0a1461a688
repo	results\_v5_b15_offsite_readonly_authorization_2026_09_29.md	18483	2026-09-29 17:33:36	2026-09-29 17:33:36	96a069701b3d
repo	results\_v5_b15_offsite_readonly_authorization_activation_2026_09_29.md	35006	2026-09-29 19:40:50	2026-09-29 19:40:50	99978eb15c10
repo	results\_v5_b15_pp1_impl_fix_2026_09_29.md	12911	2026-09-29 17:33:06	2026-09-29 17:33:06	ded842b6241c
repo	results\_v5_b16_1dcritical_lit_search_2026_09_29.md	26931	2026-09-29 17:20:00	2026-09-29 17:20:00	09ad0c6ce46a
repo	results\_v5_b16_dual_caliber_rule_2026_09_29.md	16262	2026-09-29 17:11:44	2026-09-29 17:11:44	3b7dfdce494e
repo	results\_v5_b16_idx23_blindrate_verify_2026_09_29.md	19755	2026-09-29 17:28:04	2026-09-29 17:26:58	430588419975
repo	results\_v5_b16_mq11_case_2026_09_29.md	16723	2026-09-29 17:17:10	2026-09-29 17:17:10	85f92c8d18d1
repo	results\_v5_b17_fault_register_2026_09_29.md	18129	2026-09-29 17:01:39	2026-09-29 17:01:39	48cb0ab5f317
repo	results\_v5_b17_recheck12_register_2026_09_29.md	19981	2026-09-29 17:02:29	2026-09-29 17:02:29	73242a890be9
repo	results\_v5_b17_three_caliber_fixation_2026_09_29.md	19709	2026-09-29 17:12:46	2026-09-29 17:12:46	d47b5e067c1c
repo	results\_v5_b18_coding_caliber_2026_09_29.md	14304	2026-09-29 17:00:32	2026-09-29 17:00:32	04f6890dc4a8
repo	results\_v5_b18_o8_semantic_verify_2026_09_29.md	26544	2026-09-29 20:34:46	2026-09-29 20:34:46	49d4adf8f197
repo	results\_v5_b18_o8_semantic_verify_r2_2026_09_29.md	24145	2026-09-29 20:46:30	2026-09-29 20:46:30	dc1233d0ab4f
repo	results\_v5_b18_single_count_fixation_2026_09_29.md	13608	2026-09-29 17:01:41	2026-09-29 17:01:17	006e316bfe4c
repo	results\_v5_b20_gamma_a_attribution_2026_09_29.md	30789	2026-09-29 17:31:42	2026-09-29 17:30:48	7bad6e52a0f3
repo	results\_v5_b20_gamma_a_rereview_2026_09_29.md	30680	2026-09-29 19:01:52	2026-09-29 19:01:07	b22dda133038
repo	results\_v5_b22_r05_path_backfill_2026_09_29.md	12233	2026-09-29 18:18:33	2026-09-29 18:18:33	09b3105acb6f
repo	results\_v5_b22_r07_four_cond_prereg_2026_09_29.md	23151	2026-09-29 18:27:58	2026-09-29 18:27:58	ceea8f4534fb
repo	results\_v5_b35_result_attribution_2026_09_29.md	35313	2026-09-29 17:48:32	2026-09-29 17:47:29	ec358f6f76a3
repo	results\_v5_bom_u1_exec_2026_09_29.md	22730	2026-09-29 10:48:46	2026-09-29 10:48:46	5b0282960d52
repo	results\_v5_bom_u1_exec_2026_09_29.py	31134	2026-09-29 10:46:21	2026-09-29 10:43:37	c140a28e15ae
repo	results\_v5_bulk_activation_2026_09_28.md	39378	2026-09-30 17:02:47	2026-09-28 23:54:16	b5a50447b4da
repo	results\_v5_c3_reading_b_prereg_2026_09_28.md	32178	2026-09-30 17:02:47	2026-09-28 22:49:58	8dcf5e1e6dde
repo	results\_v5_checkpoint_tail3_revision_2026_09_29.md	27966	2026-09-29 11:24:06	2026-09-29 11:21:43	c962851ff3ff
repo	results\_v5_clearance_mr10_pb_reembed_prereg_2026_09_29.md	18271	2026-09-29 19:24:07	2026-09-29 19:24:07	c514b321fe10
repo	results\_v5_clearance_mr11_doc_calibration_2026_09_29.md	14974	2026-09-29 19:30:58	2026-09-29 19:30:58	c4bce5a5e8be
repo	results\_v5_clearance_mr14_rerun_note_2026_09_29.md	22894	2026-09-29 19:12:01	2026-09-29 19:12:01	f3dd5efd3e34
repo	results\_v5_clearance_mr19_sha1_note_2026_09_29.md	22859	2026-09-29 19:21:08	2026-09-29 19:20:38	c74ffc6278a8
repo	results\_v5_clearance_mr3_s40_fix_note_2026_09_29.md	15522	2026-09-29 19:20:43	2026-09-29 19:20:15	b1244981065b
repo	results\_v5_clearance_o15_ready_pack_2026_09_29.md	48968	2026-09-29 18:19:44	2026-09-29 18:19:44	618e5990b3e5
repo	results\_v5_clearance_pending_backlog_register_2026_09_29.md	32369	2026-09-29 20:52:20	2026-09-29 20:52:14	1132072288de
repo	results\_v5_clearance_readme_c5_register_2026_09_29.md	8730	2026-09-29 21:09:27	2026-09-29 21:09:27	ababdaa392ca
repo	results\_v5_clearance_round11_register_2026_09_29.md	59923	2026-09-29 19:12:41	2026-09-29 19:12:41	2e5e6f8b328e
repo	results\_v5_clearance_round12_14_register_2026_09_29.md	75131	2026-09-29 19:32:25	2026-09-29 19:32:25	13d741979ebb
repo	results\_v5_clearance_round15_18_register_2026_09_29.md	99989	2026-09-29 20:32:07	2026-09-29 20:32:07	3a3c9c734bf9
repo	results\_v5_clearance_round1_b19_register_2026_09_29.md	28556	2026-09-29 18:08:51	2026-09-29 18:08:51	b69ec2ddc9be
repo	results\_v5_clearance_round2_3_register_2026_09_29.md	37340	2026-09-29 18:25:58	2026-09-29 18:25:58	32ca90e63a56
repo	results\_v5_clearance_round4_5_register_2026_09_29.md	52782	2026-09-29 18:35:54	2026-09-29 18:35:54	9d381fab5f46
repo	results\_v5_clearance_round6_register_2026_09_29.md	38248	2026-09-29 18:43:49	2026-09-29 18:43:49	68fe5b397df3
repo	results\_v5_clearance_round7_8_register_2026_09_29.md	63311	2026-09-29 18:53:57	2026-09-29 18:53:57	60cdeef91d4a
repo	results\_v5_clearance_round9_10_register_2026_09_29.md	68512	2026-09-29 19:03:45	2026-09-29 19:03:45	428e0857ebb7
repo	results\_v5_closing_register_2026_09_28.md	27224	2026-09-30 17:02:47	2026-09-28 23:13:28	522b08506290
repo	results\_v5_closing_register_r2_2026_09_28.md	25446	2026-09-30 17:02:47	2026-09-28 23:25:00	1094edb6e8c0
repo	results\_v5_confirm_b10_decisions_register_2026_09_29.md	13282	2026-09-29 14:18:35	2026-09-29 14:18:35	67ea81a2e6d9
repo	results\_v5_confirm_b11_decisions_register_2026_09_29.md	12276	2026-09-29 14:20:13	2026-09-29 14:20:13	07e9fe512da5
repo	results\_v5_confirm_b12_decisions_register_2026_09_29.md	15898	2026-09-29 14:24:50	2026-09-29 14:24:50	db0d6e56a497
repo	results\_v5_confirm_b13_b22_anchor_verify_2026_09_29.md	16393	2026-09-29 15:26:00	2026-09-29 15:26:00	a0c2d1d5fe6b
repo	results\_v5_confirm_b13_b22_exec_queue_2026_09_29.md	39531	2026-09-29 16:59:11	2026-09-29 16:58:29	56549b04a925
repo	results\_v5_confirm_b13_decisions_register_2026_09_29.md	33086	2026-09-29 15:14:58	2026-09-29 15:14:58	c7ca4fbecc8b
repo	results\_v5_confirm_b14_b15_decisions_register_2026_09_29.md	26154	2026-09-29 15:21:25	2026-09-29 15:21:25	e48276a8dd31
repo	results\_v5_confirm_b16_b17_decisions_register_2026_09_29.md	29624	2026-09-29 15:22:32	2026-09-29 15:22:32	8e36a3e4c6ff
repo	results\_v5_confirm_b18_b19_decisions_register_2026_09_29.md	21072	2026-09-29 15:23:32	2026-09-29 15:23:32	ae160194878e
repo	results\_v5_confirm_b1_decisions_register_2026_09_29.md	28469	2026-09-29 13:09:11	2026-09-29 13:09:11	62ca213bb56c
repo	results\_v5_confirm_b20_b22_decisions_register_2026_09_29.md	24883	2026-09-29 15:24:33	2026-09-29 15:24:33	fccaac464565
repo	results\_v5_confirm_b2_decisions_register_2026_09_29.md	28383	2026-09-29 13:13:58	2026-09-29 13:13:27	63ded68919df
repo	results\_v5_confirm_b3_decisions_register_2026_09_29.md	34015	2026-09-29 13:24:45	2026-09-29 13:24:45	4dbb11c219fc
repo	results\_v5_confirm_b4_decisions_register_2026_09_29.md	43498	2026-09-29 13:33:06	2026-09-29 13:33:06	4d02f9df594e
repo	results\_v5_confirm_b5_decisions_register_2026_09_29.md	45525	2026-09-29 13:43:30	2026-09-29 13:43:30	3b5f2819af8f
repo	results\_v5_confirm_b7_decisions_register_2026_09_29.md	23833	2026-09-29 14:04:02	2026-09-29 14:04:02	0a80ae035042
repo	results\_v5_confirm_b8_decisions_register_2026_09_29.md	15106	2026-09-29 14:11:28	2026-09-29 14:11:28	6862659ff900
repo	results\_v5_confirm_b9_decisions_register_2026_09_29.md	17008	2026-09-29 14:13:01	2026-09-29 14:13:01	8c510cda6014
repo	results\_v5_ea_review_chain_rules_2026_09_29.md	11511	2026-09-29 14:13:43	2026-09-29 14:13:43	8e235f520fb9
repo	results\_v5_exec_f2_r3_register_2026_09_29.md	24177	2026-09-29 10:54:17	2026-09-29 10:54:17	9d64ee1d6996
repo	results\_v5_fake_verdict_forensics_2026_09_28.md	35870	2026-09-28 23:22:52	2026-09-28 20:16:45	1b135d8b1e08
repo	results\_v5_fake_verdict_session_log_2026_09_28.md	18877	2026-09-30 17:02:47	2026-09-28 23:03:11	132bfa0c02f5
repo	results\_v5_fake_verdict_v1x_prereg_2026_09_28.md	28484	2026-09-30 17:02:47	2026-09-28 22:51:59	088085d6c90d
repo	results\_v5_familyline_r01_r02_independent_judgment_2026_09_29.md	25392	2026-09-29 19:40:23	2026-09-29 19:40:20	e16e50329c88
repo	results\_v5_gamma_end1_rb_clause_addendum_2026_09_29.md	10397	2026-09-29 14:08:53	2026-09-29 14:08:53	bf38e5f0161e
repo	results\_v5_gamma_r1_v2_withdraw_2026_09_29.md	24611	2026-09-29 10:59:20	2026-09-29 10:59:20	f4ef22a5f97c
repo	results\_v5_glm_charlie_reread_ac74a04efeb2_2026_09_29.md	18514	2026-09-29 16:01:34	2026-09-29 16:00:37	bf0874456a58
repo	results\_v5_gt33_attrib_fill_prereg_2026_09_29.md	36984	2026-09-29 12:14:15	2026-09-29 12:14:15	48742d6cbd03
repo	results\_v5_gt33_d5_crossref_note_2026_09_29.md	10989	2026-09-29 13:55:24	2026-09-29 13:55:24	dd50ff801ef7
repo	results\_v5_gt4_reattrib_2026_09_29.json	3074	2026-09-29 11:18:07	2026-09-29 11:12:20	4b75df5f7454
repo	results\_v5_gt5b_reattrib_2026_09_29.json	7084	2026-09-29 11:18:07	2026-09-29 11:12:20	212e5bb8c7d7
repo	results\_v5_gt5_gt6_gt8_gt5b_gt_prereg_2026_09_28.md	63447	2026-09-28 20:14:25	2026-09-28 20:13:34	2505ff5d203f
repo	results\_v5_gt5_reattrib_2026_09_29.json	5626	2026-09-29 11:18:07	2026-09-29 11:12:20	e15b3b171d60
repo	results\_v5_gt6_trajint_2026_09_29.json	83722	2026-09-29 11:18:07	2026-09-29 11:12:20	578fbeaa4635
repo	results\_v5_gt8f_m1_g1_fail_clause_addendum_2026_09_29.md	14481	2026-09-29 14:05:11	2026-09-29 14:05:11	31e5bd7b4003
repo	results\_v5_gt8_expand_2026_09_29.json	20090	2026-09-29 11:18:07	2026-09-29 11:12:20	34ff826f97c2
repo	results\_v5_gt8_lowarm_exec_2026_09_29.md	21542	2026-09-29 15:34:42	2026-09-29 15:34:42	365ea6cb77e8
repo	results\_v5_gt8_lowarm_resultA_cb132cd5_2026_09_29.json	28638	2026-09-29 15:29:24	2026-09-29 15:28:07	24b0d5eda48a
repo	results\_v5_gt8_lowarm_resultb_2026_09_29.json	48948	2026-09-29 15:32:44	2026-09-29 15:31:05	8aa69a5e922d
repo	results\_v5_gt8_lowarm_result_2026_09_29.json	26253	2026-09-29 15:21:52	2026-09-29 15:21:52	c68076c88140
repo	results\_v5_gt8_lowarm_result_2026_09_29_cb132cd5.json	26253	2026-09-29 15:21:52	2026-09-29 15:24:59	c68076c88140
repo	results\_v5_gt8_lowarm_seta_verify_2026_09_29.json	9001	2026-09-29 15:33:32	2026-09-29 15:33:32	d1370b0a3853
repo	results\_v5_gt8_lowarm_verdict_2026_09_29.md	32653	2026-09-29 15:50:16	2026-09-29 15:50:16	9140b6e5970b
repo	results\_v5_gt8_lowarm_verdict_r2_2026_09_29.md	40282	2026-09-29 19:32:56	2026-09-29 19:32:56	aff727434aa4
repo	results\_v5_gt_exec_2026_09_29.json	142217	2026-09-29 11:18:07	2026-09-29 11:12:20	01e95e49b035
repo	results\_v5_gt_exec_2026_09_29.md	27701	2026-09-29 11:21:06	2026-09-29 11:20:04	9a679f43f796
repo	results\_v5_gt_p10_lowarm_prereg_2026_09_29.md	38464	2026-09-29 13:58:52	2026-09-29 13:58:52	07e28e2fe374
repo	results\_v5_gt_verdict_2026_09_29.md	57227	2026-09-29 11:41:25	2026-09-29 11:41:25	45648b0ec940
repo	results\_v5_h231_r07_independent_judgment_2026_09_29.md	37949	2026-09-29 19:07:37	2026-09-29 19:07:37	70025895600a
repo	results\_v5_item05_prereg_2026_09_28.md	19115	2026-09-28 19:34:42	2026-09-28 19:34:42	567f0f177699
repo	results\_v5_item21_anchor_recompute_2026_09_28.json	9527	2026-09-28 20:03:28	2026-09-28 20:03:28	47177cab0303
repo	results\_v5_item21_anchor_recompute_2026_09_28.md	9221	2026-09-28 20:04:46	2026-09-28 20:03:58	e5623d4bd3f3
repo	results\_v5_item21_asset_recovery_2026_09_28.md	8793	2026-09-28 19:51:41	2026-09-28 19:51:41	6c80ff43bdd7
repo	results\_v5_item21_patched_recompute_2026_09_28.json	14879	2026-09-28 20:26:23	2026-09-28 20:26:23	aa53e5db77c9
repo	results\_v5_item21_patched_recompute_2026_09_28.md	15895	2026-09-28 20:27:30	2026-09-28 20:27:30	2c1d85913ccc
repo	results\_v5_item21_rerun_conditions_prereg_2026_09_28.md	31429	2026-09-28 23:00:28	2026-09-28 22:58:52	4185bdad6df5
repo	results\_v5_item21_strategyqa_realias_recompute_2026_09_29.json	34314	2026-09-29 16:17:02	2026-09-29 16:12:10	49f068c716a8
repo	results\_v5_item21_strategyqa_realias_recompute_2026_09_29.md	14639	2026-09-29 16:17:29	2026-09-29 16:16:39	4e941d0a9c48
repo	results\_v5_item21_strategyqa_realias_verdict_2026_09_29.md	32354	2026-09-29 16:45:55	2026-09-29 16:45:55	26eaa156108f
repo	results\_v5_item21_verdict_2026_09_28.md	28155	2026-09-28 21:30:15	2026-09-28 21:30:15	de274bd38955
repo	results\_v5_item26b_attribution_effective_2026_09_28.md	35261	2026-09-28 22:29:35	2026-09-28 22:27:00	c353fbcdc753
repo	results\_v5_item26b_endpoint_definition_prereg_2026_09_28.md	38939	2026-09-28 21:32:27	2026-09-28 21:32:27	5e59a11466db
repo	results\_v5_item26b_literal_gap_prereg_v2_2026_09_28.md	38885	2026-09-28 20:24:02	2026-09-28 20:24:02	bb0a211fa675
repo	results\_v5_item35_prereg_v2_2026_09_28.md	35633	2026-09-28 22:22:11	2026-09-28 19:55:22	1fb2419c6e96
repo	results\_v5_item35_v2_matrix_exec_2026_09_29.md	24624	2026-09-29 12:27:44	2026-09-29 12:23:23	4e88682284d8
repo	results\_v5_item35_v2_matrix_result_2026_09_29.json	84699	2026-09-29 12:27:24	2026-09-29 12:18:44	13ad5b740f80
repo	results\_v5_item35_v2_verdict_2026_09_29.md	26232	2026-09-29 12:56:02	2026-09-29 12:56:02	b59bef293712
repo	results\_v5_item35_v3_collinear_exec_2026_09_29.md	46000	2026-09-29 15:13:22	2026-09-29 14:31:24	912afffed6b9
repo	results\_v5_item35_v3_collinear_prereg_2026_09_29.md	42504	2026-09-29 13:56:34	2026-09-29 13:56:34	873652fd39dd
repo	results\_v5_item35_v3_collinear_result_2026_09_29.json	187287	2026-09-29 14:29:52	2026-09-29 14:26:21	99f3e504589e
repo	results\_v5_item36_prereg_2026_09_28.md	18141	2026-09-28 19:35:54	2026-09-28 19:35:54	7f42d5ee131c
repo	results\_v5_loadcorpus_fix_2026_09_29.md	17355	2026-09-29 11:58:05	2026-09-29 11:58:05	e47614ccf5ff
repo	results\_v5_loadcorpus_switch_2026_09_29.md	16414	2026-09-29 12:13:38	2026-09-29 12:13:38	d37e97644bf8
repo	results\_v5_paper_remedy_line_orchestration_2026_09_29.md	48292	2026-09-29 14:02:32	2026-09-29 13:59:21	d911674e68cf
repo	results\_v5_paper_remedy_r1_pledge_2026_09_29.md	47778	2026-09-29 16:36:25	2026-09-29 16:35:40	816cb91d4611
repo	results\_v5_paper_remedy_r2_r4_sourcetrace_2026_09_29.md	34647	2026-09-29 15:49:34	2026-09-29 15:48:16	29da2ca8932f
repo	results\_v5_paper_remedy_r6b_x27_sourcetrace_2026_09_29.md	16125	2026-09-29 17:10:36	2026-09-29 17:10:36	b75cc49b360f
repo	results\_v5_pd_v04_root_naming_candidates_2026_09_29.md	14312	2026-09-29 14:06:13	2026-09-29 14:06:13	46599dde51a8
repo	results\_v5_pi_decision_trace_gap_audit_2026_09_29.md	33101	2026-09-29 13:53:25	2026-09-29 13:53:25	38b043c4be6a
repo	results\_v5_pjpm_pc_closeout_readout_2026_09_29.md	32243	2026-09-29 13:46:56	2026-09-29 13:44:19	1b9ac6b07670
repo	results\_v5_pjpm_pc_degen_precheck_executor_2026_09_29.py	76822	2026-09-29 13:46:42	2026-09-29 13:43:46	f58b0d1c1a93
repo	results\_v5_pjpm_pc_degen_precheck_result_2026_09_29.json	103747	2026-09-29 13:46:56	2026-09-29 13:43:52	3641afe9d49c
repo	results\_v5_pjpm_pc_deg_prereg_2026_09_29.md	59446	2026-09-29 12:17:51	2026-09-29 12:17:51	989ee2bce660
repo	results\_v5_pjpm_pc_reverify_bang2_2026_09_29.md	39517	2026-09-29 14:14:27	2026-09-29 14:13:37	6833cae407e8
repo	results\_v5_pjpm_pc_verdict_bang3_2026_09_29.md	41566	2026-09-29 14:27:08	2026-09-29 14:27:08	1814f9590f0f
repo	results\_v5_pl2_fourband_prereg_2026_09_29.md	29253	2026-09-29 17:42:35	2026-09-29 17:42:35	d5fdb89582fd
repo	results\_v5_prereg_chain_activation_register_2026_09_28.md	27047	2026-09-28 22:10:58	2026-09-28 22:10:58	3cc05f8cbd1a
repo	results\_v5_prereg_chain_status_annotation_2026_09_28.md	23857	2026-09-28 22:28:54	2026-09-28 22:28:54	cb4104938cc8
repo	results\_v5_r2h2_residual_merged_catalogue_2026_09_29.md	50554	2026-09-29 14:29:32	2026-09-29 14:29:32	b62d19c1c7cc
repo	results\_v5_r4_residual_merged_catalogue_2026_09_29.md	102410	2026-09-29 16:43:51	2026-09-29 16:43:51	0c4bbd26ea55
repo	results\_v5_recyclebin_sha12_completion_2026_09_29.md	59551	2026-09-29 16:19:12	2026-09-29 16:18:20	5f3223a4b349
repo	results\_v5_rj5_verdict_2026_09_29.md	40057	2026-09-29 02:05:11	2026-09-29 02:05:11	9c1ccbd5cf5a
repo	results\_v5_sha12_collision_statement_2026_09_29.md	28155	2026-09-29 17:20:57	2026-09-29 17:20:57	f0f44cf6dc65
repo	results\_v5_sub_artifact_ledger_2026_09_28.md	71818	2026-09-30 17:02:47	2026-09-29 00:04:31	dd38c77ea486
repo	results\_v5_sub_artifact_ledger_history_r1_2026_09_29.md	48539	2026-09-29 10:56:50	2026-09-29 10:49:33	535b3c2ad102
repo	results\_v5_sub_artifact_ledger_history_r2_2026_09_29.md	150957	2026-09-29 11:42:24	2026-09-29 11:17:24	5ff7784db145
repo	results\_v5_sub_artifact_ledger_history_r3_2026_09_29.md	128760	2026-09-29 12:44:15	2026-09-29 12:13:11	e04a46b02d13
repo	results\_v5_sub_artifact_ledger_history_r4_2026_09_29.md	603599	2026-09-29 16:26:42	2026-09-29 16:20:54	b6b8be476a73
repo	results\_v5_t1_decisions_register_2026_09_29.md	31330	2026-09-29 11:34:08	2026-09-29 11:34:08	7dd7dd3fb721
repo	results\_v5_theory_input_acquisition_request_2026_09_29.md	10212	2026-09-29 14:19:31	2026-09-29 14:19:31	56c52db3f22a
repo	results\_v5_track2_qwen_retry_2026_09_29.json	2735	2026-09-29 11:10:33	2026-09-29 11:10:33	6acafe021aaf
repo	results\_v5_track2_qwen_retry_2026_09_29.md	11957	2026-09-29 11:13:37	2026-09-29 11:13:04	c890771728f3
repo	results\_v5_track2_qwen_retry_executor_20260929.py	11586	2026-09-29 11:10:20	2026-09-29 11:10:20	d34b46e24a7c
repo	results\_v5_trae_doubt6_verify_2026_09_28_r3verifier.md	30192	2026-09-30 17:02:47	2026-09-28 22:50:08	58101ef93a6f
repo	results\_v5_v3deg_prereg_activation_register_2026_09_29.md	24370	2026-09-29 12:19:34	2026-09-29 12:19:34	e587da3b4cf8
repo	results\_v5_v3r2_errata_note_2026_09_29.md	29089	2026-09-29 20:12:47	2026-09-29 20:11:34	d687ad25a68c
repo	results\_v5_v3_deg_c5_b_halt_report_2026_09_29.md	14862	2026-09-29 13:44:25	2026-09-29 13:44:25	f2b68ee099b5
repo	results\_v5_v3_deg_c5_proposal_2026_09_29.md	33356	2026-09-29 13:25:19	2026-09-29 13:24:56	2158b11bba9a
repo	results\_v5_v3_deg_fix_c1c4_result_2026_09_29.json	266417	2026-09-29 12:11:14	2026-09-29 12:03:02	1b5bfecc818e
repo	results\_v5_v3_deg_fix_exec_2026_09_29.md	30261	2026-09-29 12:10:05	2026-09-29 12:09:51	7d885528f287
repo	results\_v5_v3_deg_fix_prereg_2026_09_29.md	41622	2026-09-29 11:44:32	2026-09-29 11:44:32	98286cc1aec7
repo	results\_v5_v3_deg_p1_reopen_exec_2026_09_29.md	33622	2026-09-29 13:45:42	2026-09-29 13:44:44	38231ef6f053
repo	results\_v5_v3_deg_p1_reopen_result_2026_09_29.json	571451	2026-09-29 13:41:39	2026-09-29 13:36:57	b86d6740d487
repo	results\_v5_v3_deg_p1_reopen_verdict_2026_09_29.md	42645	2026-09-29 15:16:34	2026-09-29 15:16:34	63d898ab1b71
repo	results\_v5_v3_deg_p1_reopen_verdict_r2_2026_09_29.md	44054	2026-09-29 15:24:27	2026-09-29 15:23:03	8adaf4e5d868
repo	results\_v5_v3_deg_p1_reopen_verify_2026_09_29.md	27898	2026-09-29 14:20:21	2026-09-29 14:20:21	4afeb8cd41de
repo	results\_v5_v3_deg_reopen_line_2026_09_29.md	42778	2026-09-29 13:17:28	2026-09-29 13:16:29	2ea1c2cee65d
repo	results\_v5_v3_t1_effect_judgment_2026_09_29.md	40697	2026-09-29 20:13:28	2026-09-29 20:13:28	1995bd4460ae
repo	results\_v5_v4_export_filter_spec_2026_09_29.md	22884	2026-09-29 17:04:12	2026-09-29 17:04:12	14dd6ccdbed6
repo	results\_v5_v4_proposal_23item_merged_catalogue_2026_09_29.md	14620	2026-09-29 14:16:40	2026-09-29 14:16:40	79bcff089f21
repo	results\_v5_v4_proposal_23item_merged_catalogue_sourceverify_2026_09_29.md	22185	2026-09-29 15:18:09	2026-09-29 15:18:09	ac0d6f19f06c
repo	results\_wrapup_cleanup_inventory_register_2026_09_29.md	22556	2026-09-29 21:31:56	2026-09-29 21:31:56	6beeb397a4c1
repo	results\_archive_2026_09_24\l14_runner_v2_r1_atomic_2026_09_29.py	25892	2026-09-29 11:12:41	2026-09-29 11:10:34	b1923528ab84
repo	results\_v3_s3_wordexpand_data\executor_2026_09_28.py	46005	2026-09-28 13:35:10	2026-09-28 13:34:06	80f1445ce45d
repo	results\_v3_s3_wordexpand_data\executor_r1_2026_09_28.py	43524	2026-09-28 13:59:47	2026-09-28 13:58:42	39c29e0f092e
repo	results\_v3_s3_wordexpand_data\rescript_2026_09_28.md	18225	2026-09-28 13:36:15	2026-09-28 13:36:07	98d4f62cd52a
repo	results\_v3_s3_wordexpand_data\rescript_r1_2026_09_28.md	17168	2026-09-28 14:04:26	2026-09-28 14:01:36	c991ddb1deb4
repo	results\_v3_s3_wordexpand_data\result_2026_09_28.json	34953	2026-09-28 13:38:18	2026-09-28 13:34:14	f7f6d875d73a
sub	_movedout_manifest_2026_09_28.json	2003	2026-09-28 18:27:21	2026-09-28 18:27:21	6b557f005a40
sub	tmp_movedout_2026_09_28\_cleanup_classify_2026_09_28.py	3232	2026-09-28 18:17:11	2026-09-28 18:16:36	efb57dc056f0
sub	tmp_movedout_2026_09_28\_cleanup_classify_out_2026_09_28.txt	11347	2026-09-28 18:17:58	2026-09-28 18:16:47	e1f9db7e1cab
sub	tmp_movedout_2026_09_28\_cleanup_probe_2026_09_28.py	2556	2026-09-28 18:14:13	2026-09-28 18:12:41	20bd0972fa00
sub	tmp_movedout_2026_09_28\_cleanup_probe_out_2026_09_28.txt	12365	2026-09-28 18:14:33	2026-09-28 18:13:01	75f9058f8a51
sub	tmp_movedout_2026_09_28\_cleanup_resolve_2026_09_28.py	2735	2026-09-28 18:19:07	2026-09-28 18:18:30	57085a643c33
sub	tmp_movedout_2026_09_28\_cleanup_resolve_out_2026_09_28.txt	1257	2026-09-28 18:19:25	2026-09-28 18:18:53	1d163e68ed25
sub	tmp_movedout_2026_09_28\_cleanup_transfer_scan_2026_09_28.py	3229	2026-09-28 18:25:29	2026-09-28 18:25:29	97291768f38d
sub	tmp_movedout_2026_09_28\_cleanup_transfer_scan_out_2026_09_28.txt	5017	2026-09-28 18:25:45	2026-09-28 18:25:45	04d99d651df9
sub	tmp_movedout_2026_09_29\_v5_loadcorpus_switch_2026_09_29\annotate_baseline.py	2050	2026-09-29 12:08:25	2026-09-29 12:08:25	be710bb0c40f
sub	tmp_movedout_2026_09_29\_v5_loadcorpus_switch_2026_09_29\applied_diff.txt	5134	2026-09-29 12:11:55	2026-09-29 12:11:55	05c4704ee5cc
sub	tmp_movedout_2026_09_29\_v5_loadcorpus_switch_2026_09_29\apply_fix.py	3460	2026-09-29 13:39:20	2026-09-29 12:05:47	c3808483722e
sub	tmp_movedout_2026_09_29\_v5_loadcorpus_switch_2026_09_29\baseline_post.json	115634	2026-09-29 12:11:10	2026-09-29 12:11:10	5cdf357a45e8
sub	tmp_movedout_2026_09_29\_v5_loadcorpus_switch_2026_09_29\baseline_pre.json	115139	2026-09-29 12:05:24	2026-09-29 12:05:24	c5e0497b9020
sub	tmp_movedout_2026_09_29\_v5_loadcorpus_switch_2026_09_29\snapshot.py	1438	2026-09-29 12:05:09	2026-09-29 12:05:09	dcede756619f
sub	tmp_movedout_2026_09_29\_v5_loadcorpus_switch_2026_09_29\verify_2026_09_29.py	11167	2026-09-29 13:39:08	2026-09-29 12:08:52	a1c70189ebbb
arch	results\__pycache__\_v4_rerun_executor_2026_09_23.cpython-314.pyc	101685	2026-09-29 19:19:15	2026-09-29 19:19:15	39e2d3c85e40
arch	scripts\scripts\kt_b1\__pycache__\boss_b1_sinkhorn_ot.cpython-314.pyc	20607	2026-09-28 19:59:53	2026-09-28 19:59:53	8f5d7b425d55
arch	scripts\scripts\kt_b1\__pycache__\boss_b1_sinkhorn_ot.py.cpython-314.pyc	18526	2026-09-28 19:58:39	2026-09-28 19:58:39	6183db0f9d11
arch	scripts\scripts\kt_b1\__pycache__\boss_b2_kd.cpython-314.pyc	19562	2026-09-28 20:00:18	2026-09-28 20:00:18	f64071e6739b
arch	scripts\scripts\kt_b1\__pycache__\boss_b2_kd.py.cpython-314.pyc	17470	2026-09-28 19:59:09	2026-09-28 19:59:09	f25dd470cf27
arch	scripts\scripts\kt_b1\__pycache__\boss_b3_llmlingua.cpython-314.pyc	18743	2026-09-28 20:00:17	2026-09-28 20:00:17	d0413c6f0298
arch	scripts\scripts\kt_b1\__pycache__\boss_b3_llmlingua.py.cpython-314.pyc	16679	2026-09-28 19:59:09	2026-09-28 19:59:09	74600cf87765
arch	_movedout_scratch_2026_09_29\errata_drafts\_e51_append.md	23595	2026-09-29 16:28:09	2026-09-29 16:28:09	f74b9b20902a
arch	_movedout_scratch_2026_09_29\repo_root_scratch_2026_09_29\.scratch_setaverify.txt	2350	2026-09-29 15:33:32	2026-09-29 15:32:53	390ed8731fcf
arch	_movedout_scratch_2026_09_29\repo_root_scratch_2026_09_29\.scratch_setb_dump.json	25374	2026-09-29 15:32:59	2026-09-29 15:32:59	5c9265483128
arch	_movedout_scratch_2026_09_29\repo_root_scratch_2026_09_29\.scratch_setb_run1.txt	3618	2026-09-29 15:31:05	2026-09-29 15:24:04	496fd1304e6d
arch	_movedout_scratch_2026_09_29\repo_root_scratch_2026_09_29\.scratch_sib_dump.json	13273	2026-09-29 15:22:51	2026-09-29 15:22:51	a0a7f9ea397f
arch	_movedout_scratch_2026_09_29\repo_root_scratch_2026_09_29\.tmp_p10_inspect.py	3587	2026-09-29 15:22:24	2026-09-29 15:22:24	d0d8002242b1
arch	_movedout_scratch_2026_09_29\repo_root_scratch_2026_09_29\.tmp_p10_out.txt	3606	2026-09-29 15:21:52	2026-09-29 15:20:14	726881f82ecf
arch	_movedout_scratch_2026_09_29\repo_root_scratch_2026_09_29\.tmp_p10_verify.py	2704	2026-09-29 15:29:39	2026-09-29 15:29:39	6c9b7da03d4e
arch	_movedout_scratch_2026_09_29\repo_root_scratch_2026_09_29\.tmp_setA_out.txt	3638	2026-09-29 15:28:07	2026-09-29 15:27:15	e981c33ece8b
arch	_movedout_scratch_2026_09_29\repo_root_scratch_2026_09_29\.tmp_setA_run1.json	28638	2026-09-29 15:28:07	2026-09-29 15:28:29	24b0d5eda48a
arch	_movedout_scratch_2026_09_29\scratch_gamma_r1_2026_09_28\arxlist.py	912	2026-09-28 17:28:54	2026-09-28 17:28:54	697481e5c643
arch	_movedout_scratch_2026_09_29\scratch_gamma_r1_2026_09_28\audit_absent.py	787	2026-09-28 17:35:47	2026-09-28 17:35:47	34a495b055c6
arch	_movedout_scratch_2026_09_29\scratch_gamma_r1_2026_09_28\crit_ctx.py	640	2026-09-28 17:34:27	2026-09-28 17:34:27	710140dce0ff
arch	_movedout_scratch_2026_09_29\scratch_gamma_r1_2026_09_28\ddg.py	610	2026-09-28 17:26:20	2026-09-28 17:26:20	95f3fe5ea32c
arch	_movedout_scratch_2026_09_29\scratch_gamma_r1_2026_09_28\fetch.py	2675	2026-09-28 17:29:42	2026-09-28 17:25:05	8a3466bd3cb4
arch	_movedout_scratch_2026_09_29\scratch_gamma_r1_2026_09_28\grep_pdf.py	966	2026-09-28 17:31:55	2026-09-28 17:31:55	9cd38c89461d
arch	_movedout_scratch_2026_09_29\scratch_gamma_r1_2026_09_28\mine.py	1182	2026-09-28 17:31:24	2026-09-28 17:31:24	c2826ad7e082
arch	_movedout_scratch_2026_09_29\scratch_gamma_r1_2026_09_28\model_ctx.py	865	2026-09-28 17:33:51	2026-09-28 17:33:51	61422cb08dc7
arch	_movedout_scratch_2026_09_29\scratch_gamma_r1_2026_09_28\parse_oa.py	1063	2026-09-28 17:33:16	2026-09-28 17:33:16	de439cabc61c
arch	_movedout_scratch_2026_09_29\scratch_gamma_r1_2026_09_28\peek.py	730	2026-09-28 17:28:10	2026-09-28 17:28:10	80b14abe1d9f
arch	_movedout_scratch_2026_09_29\scratch_gamma_r1_2026_09_28\query_log.jsonl	4809	2026-09-28 17:35:05	2026-09-28 17:25:15	e1d7c0a1df4c
arch	_movedout_scratch_2026_09_29\scratch_gamma_r1_2026_09_28\slice.py	511	2026-09-28 17:36:05	2026-09-28 17:36:05	81decf491e4c
arch	_movedout_scratch_2026_09_29\scratch_gamma_r1_2026_09_28\websearch.py	1147	2026-09-28 17:27:38	2026-09-28 17:27:38	66a9d5779c54
arch	_movedout_scratch_2026_09_29\scratch_gamma_r1_2026_09_28\raw\a1.xml	37127	2026-09-28 17:25:15	2026-09-28 17:25:15	440887f16f21
arch	_movedout_scratch_2026_09_29\scratch_gamma_r1_2026_09_28\raw\a3.xml	52867	2026-09-28 17:27:21	2026-09-28 17:27:21	4ee9558c5821
arch	_movedout_scratch_2026_09_29\scratch_gamma_r1_2026_09_28\raw\a5.xml	78367	2026-09-28 17:28:51	2026-09-28 17:28:51	748e53dad940
arch	_movedout_scratch_2026_09_29\scratch_gamma_r1_2026_09_28\raw\a6.xml	2890	2026-09-28 17:30:12	2026-09-28 17:30:12	36884ef452c0
arch	_movedout_scratch_2026_09_29\scratch_gamma_r1_2026_09_28\raw\a7.xml	908	2026-09-28 17:35:05	2026-09-28 17:35:05	7eccdf685146
arch	_movedout_scratch_2026_09_29\scratch_gamma_r1_2026_09_28\raw\b1.json	25502	2026-09-28 17:32:59	2026-09-28 17:32:59	33e3ec87ea6f
arch	_movedout_scratch_2026_09_29\scratch_gamma_r1_2026_09_28\raw\c1.json	59768	2026-09-28 17:33:03	2026-09-28 17:33:03	7857c9e7a857
arch	_movedout_scratch_2026_09_29\scratch_gamma_r1_2026_09_28\raw\D3.html	100296	2026-09-28 17:29:24	2026-09-28 17:29:24	69a7c42e484d
arch	_movedout_scratch_2026_09_29\scratch_gamma_r1_2026_09_28\raw\D5.html	101282	2026-09-28 17:30:39	2026-09-28 17:30:39	e547238e9e38
arch	_movedout_scratch_2026_09_29\scratch_gamma_r1_2026_09_28\raw\p2.pdf	1168885	2026-09-28 17:31:44	2026-09-28 17:31:44	eca05c215a3c
arch	_movedout_scratch_2026_09_29\scratch_gamma_r1_2026_09_28\raw\p2.pdf.txt	36440	2026-09-28 17:31:46	2026-09-28 17:31:45	be12b7b6f1de
arch	_movedout_scratch_2026_09_29\scratch_gamma_r1_2026_09_28\raw\p3.pdf	142817	2026-09-28 17:31:50	2026-09-28 17:31:50	e377d6ef2afe
arch	_movedout_scratch_2026_09_29\scratch_gamma_r1_2026_09_28\raw\p3.pdf.txt	19708	2026-09-28 17:31:51	2026-09-28 17:31:51	26726c603ec9
arch	_movedout_scratch_2026_09_29\scratch_gamma_r1_2026_09_28\raw\p4.pdf	108240	2026-09-28 17:32:33	2026-09-28 17:32:33	a35361b1dccc
arch	_movedout_scratch_2026_09_29\scratch_gamma_r1_2026_09_28\raw\p4.pdf.txt	12674	2026-09-28 17:32:34	2026-09-28 17:32:34	bf6dbf3a973b
arch	_movedout_scratch_2026_09_29\scratch_gamma_r1_2026_09_28\raw\p5.pdf	410040	2026-09-28 17:33:45	2026-09-28 17:33:45	b622cd5c853c
arch	_movedout_scratch_2026_09_29\scratch_gamma_r1_2026_09_28\raw\p5.pdf.txt	28280	2026-09-28 17:33:46	2026-09-28 17:33:46	ac5212b8ee00
arch	_movedout_scratch_2026_09_29\scratch_rj5_2026_09_28\derive_b_fast.py	2229	2026-09-28 18:02:26	2026-09-28 17:56:24	1cce7a03a726
arch	_movedout_scratch_2026_09_29\scratch_rj5_2026_09_28\derive_b_v3.py	3190	2026-09-28 18:05:21	2026-09-28 18:05:21	507183a00f95
arch	_movedout_scratch_2026_09_29\scratch_rj5_2026_09_28\derive_b_v4.py	2269	2026-09-28 18:07:19	2026-09-28 18:07:19	8e6bb60006fa
arch	_movedout_scratch_2026_09_29\scratch_rj5_2026_09_28\derive_local.py	3810	2026-09-28 17:48:38	2026-09-28 17:48:38	ce383f7b506a
arch	_movedout_scratch_2026_09_29\scratch_rj5_2026_09_28\derive_local_b.py	3155	2026-09-28 17:51:25	2026-09-28 17:51:25	424be5af07ab
arch	_movedout_scratch_2026_09_29\scratch_rj5_2026_09_28\fetch.py	2676	2026-09-28 17:46:32	2026-09-28 17:46:32	a524c9759517
arch	_movedout_scratch_2026_09_29\scratch_rj5_2026_09_28\rj5_query_log.jsonl	2984	2026-09-28 18:10:26	2026-09-28 17:49:11	058fd92fd8d0
arch	_movedout_scratch_2026_09_29\scratch_rj5_2026_09_28\raw\deposon_uft.txt	15650	2026-09-28 18:02:12	2026-09-28 18:02:12	aeb2d33fd41d
arch	_movedout_scratch_2026_09_29\scratch_rj5_2026_09_28\raw\p1706_02322.pdf	1509169	2026-09-28 18:10:28	2026-09-28 18:10:26	93927159b2c1
arch	_movedout_scratch_2026_09_29\scratch_rj5_2026_09_28\raw\p1706_02322.pdf.txt	132605	2026-09-28 18:10:37	2026-09-28 18:10:28	94a634e8aa67
arch	_movedout_scratch_2026_09_29\scratch_rj5_2026_09_28\raw\p2307_06946.pdf	2321493	2026-09-28 17:53:35	2026-09-28 17:53:34	0591262207aa
arch	_movedout_scratch_2026_09_29\scratch_rj5_2026_09_28\raw\p2307_06946.pdf.txt	49876	2026-09-28 17:53:40	2026-09-28 17:53:35	984da4a87213
arch	_movedout_scratch_2026_09_29\scratch_rj5_2026_09_28\raw\p2508_20167.pdf	2245043	2026-09-28 17:58:43	2026-09-28 17:58:41	de5306e894b6
arch	_movedout_scratch_2026_09_29\scratch_rj5_2026_09_28\raw\p2508_20167.pdf.txt	151092	2026-09-28 17:58:53	2026-09-28 17:58:43	7f10c9882d04
arch	_movedout_scratch_2026_09_29\scratch_rj5_2026_09_28\raw\p2509_01853.pdf	344851	2026-09-28 18:00:41	2026-09-28 18:00:39	38de7803076a
arch	_movedout_scratch_2026_09_29\scratch_rj5_2026_09_28\raw\p2509_01853.pdf.txt	26004	2026-09-28 18:00:42	2026-09-28 18:00:41	dc09e85b1e14
arch	_movedout_scratch_2026_09_29\scratch_rj5_2026_09_28\raw\q12_arx.xml	13300	2026-09-28 18:02:50	2026-09-28 18:02:50	a51d17b8e4c9
arch	_movedout_scratch_2026_09_29\scratch_rj5_2026_09_28\raw\q13_arx.xml	3549	2026-09-28 18:09:51	2026-09-28 18:09:51	d6a713c80ddb
arch	_movedout_scratch_2026_09_29\scratch_rj5_2026_09_28\raw\q1_arx.xml	810	2026-09-28 17:49:11	2026-09-28 17:49:11	13fbf25b6f4f
arch	_movedout_scratch_2026_09_29\scratch_rj5_2026_09_28\raw\q2_arx.xml	6929	2026-09-28 17:49:37	2026-09-28 17:49:37	0298146502a2
arch	_movedout_scratch_2026_09_29\scratch_rj5_2026_09_28\raw\q4_arx.xml	810	2026-09-28 17:51:51	2026-09-28 17:51:51	2aa03fbdad0a
arch	_movedout_scratch_2026_09_29\scratch_rj5_2026_09_28\raw\q5_arx.xml	5404	2026-09-28 17:52:14	2026-09-28 17:52:14	612fe511f4f3
arch	_movedout_scratch_2026_09_29\scratch_rj5_2026_09_28\raw\q6_arx.xml	35533	2026-09-28 17:52:42	2026-09-28 17:52:42	fb5f7d414351
arch	_movedout_scratch_2026_09_29\scratch_rj5_2026_09_28\raw\q9_arx.xml	59484	2026-09-28 17:57:13	2026-09-28 17:57:13	d5a542aff8a6
arch	_movedout_scratch_2026_09_29\scratch_t_verify_2026_09_28\final.py	715	2026-09-28 19:29:47	2026-09-28 19:29:47	7e7833a126cf
arch	_movedout_scratch_2026_09_29\scratch_t_verify_2026_09_28\step1.py	2816	2026-09-28 18:37:55	2026-09-28 18:37:55	0feab0242d50
arch	_movedout_scratch_2026_09_29\scratch_t_verify_2026_09_28\step10.py	1704	2026-09-28 19:24:42	2026-09-28 19:24:42	de865e925bc6
arch	_movedout_scratch_2026_09_29\scratch_t_verify_2026_09_28\step11.py	1253	2026-09-28 19:26:13	2026-09-28 19:26:13	0c45ecbc2b52
arch	_movedout_scratch_2026_09_29\scratch_t_verify_2026_09_28\step1_line_algebra.py	3814	2026-09-28 18:36:08	2026-09-28 18:36:08	d30da694692f
arch	_movedout_scratch_2026_09_29\scratch_t_verify_2026_09_28\step2b_ed.py	1451	2026-09-28 18:45:05	2026-09-28 18:45:05	e9f2a3364e84
arch	_movedout_scratch_2026_09_29\scratch_t_verify_2026_09_28\step2c_ed.py	1814	2026-09-28 18:45:32	2026-09-28 18:45:32	8ec865599f13
arch	_movedout_scratch_2026_09_29\scratch_t_verify_2026_09_28\step2d_ed.py	1434	2026-09-28 18:52:55	2026-09-28 18:52:55	02e9f467b53c
arch	_movedout_scratch_2026_09_29\scratch_t_verify_2026_09_28\step2_ed.py	1441	2026-09-28 18:42:34	2026-09-28 18:41:12	1141975ca380
arch	_movedout_scratch_2026_09_29\scratch_t_verify_2026_09_28\step3_ff.py	1900	2026-09-28 18:41:48	2026-09-28 18:41:48	0eb293651268
arch	_movedout_scratch_2026_09_29\scratch_t_verify_2026_09_28\step4b.py	1145	2026-09-28 19:00:19	2026-09-28 19:00:19	ac0dbed13aa9
arch	_movedout_scratch_2026_09_29\scratch_t_verify_2026_09_28\step4_levelcross.py	1295	2026-09-28 18:59:00	2026-09-28 18:59:00	ec0ef386a67e
arch	_movedout_scratch_2026_09_29\scratch_t_verify_2026_09_28\step5_parity.py	1282	2026-09-28 19:02:25	2026-09-28 19:02:25	3648466e74c9
arch	_movedout_scratch_2026_09_29\scratch_t_verify_2026_09_28\step6_thermTM.py	2033	2026-09-28 19:07:46	2026-09-28 19:07:46	cda4d6bc58bb
arch	_movedout_scratch_2026_09_29\scratch_t_verify_2026_09_28\step7.py	1326	2026-09-28 19:09:31	2026-09-28 19:09:31	8ef1c5a0a20e
arch	_movedout_scratch_2026_09_29\scratch_t_verify_2026_09_28\step8.py	1887	2026-09-28 19:11:40	2026-09-28 19:11:40	2e700927aedb
arch	_movedout_scratch_2026_09_29\scratch_t_verify_2026_09_28\step9.py	1273	2026-09-28 19:12:10	2026-09-28 19:12:10	a5327fb53705
arch	_movedout_scratch_2026_09_29\scratch_t_verify_2026_09_28\write_report.py	13516	2026-09-28 19:32:52	2026-09-28 19:32:52	ef4fea98c17d
arch	_movedout_scratch_2026_09_29\verif_doubt6_v_20260928\b11_b13.py	2742	2026-09-28 22:41:13	2026-09-28 22:41:13	56ba279b1404
arch	_movedout_scratch_2026_09_29\verif_doubt6_v_20260928\b11_b13b.py	2312	2026-09-28 22:41:31	2026-09-28 22:41:31	02131e36824e
arch	_movedout_scratch_2026_09_29\verif_doubt6_v_20260928\b11_fixd.py	639	2026-09-28 22:32:02	2026-09-28 22:32:02	bfabb8303dce
arch	_movedout_scratch_2026_09_29\verif_doubt6_v_20260928\b11_nuance.py	1651	2026-09-28 22:41:49	2026-09-28 22:41:49	19ac8b121986
arch	_movedout_scratch_2026_09_29\verif_doubt6_v_20260928\b12_b13_b14.py	3236	2026-09-28 22:32:58	2026-09-28 22:32:58	12722ad79d0e
arch	_movedout_scratch_2026_09_29\verif_doubt6_v_20260928\b12_probe.py	586	2026-09-28 22:32:21	2026-09-28 22:32:21	c40e0caf91f2
arch	_movedout_scratch_2026_09_29\verif_doubt6_v_20260928\b5_consolidated.py	7278	2026-09-28 22:38:29	2026-09-28 22:38:29	9720aa2bb851
arch	_movedout_scratch_2026_09_29\verif_doubt6_v_20260928\b5_p3_exact.py	2467	2026-09-28 22:37:00	2026-09-28 22:37:00	774dc98e92af
arch	_movedout_scratch_2026_09_29\verif_doubt6_v_20260928\b5_p3_probe.py	2533	2026-09-28 22:28:45	2026-09-28 22:28:45	441785a8a6e1
arch	_movedout_scratch_2026_09_29\verif_doubt6_v_20260928\b5_readings.py	8402	2026-09-28 22:26:07	2026-09-28 22:26:07	d007b52edfc9
arch	_movedout_scratch_2026_09_29\verif_doubt6_v_20260928\baseline_mine.json	103914	2026-09-29 12:08:32	2026-09-28 22:31:27	96aa598222a9
arch	_movedout_scratch_2026_09_29\verif_doubt6_v_20260928\c10_a42.py	1938	2026-09-28 22:43:25	2026-09-28 22:43:25	f142a335d9cf
arch	_movedout_scratch_2026_09_29\verif_doubt6_v_20260928\c10_ctrl2.py	1243	2026-09-28 22:44:14	2026-09-28 22:44:14	e792fef20180
arch	_movedout_scratch_2026_09_29\verif_doubt6_v_20260928\c10_f12.py	2660	2026-09-28 22:43:57	2026-09-28 22:43:57	f0e7006c0e65
arch	_movedout_scratch_2026_09_29\verif_doubt6_v_20260928\c10_f64check.py	1402	2026-09-28 22:34:24	2026-09-28 22:34:24	d5b8bdd58b25
arch	_movedout_scratch_2026_09_29\verif_doubt6_v_20260928\make_b11_copy.py	1065	2026-09-28 22:31:02	2026-09-28 22:31:02	298723ab7825
arch	_movedout_scratch_2026_09_29\verif_doubt6_v_20260928\_b5_out.json	15798	2026-09-28 22:36:08	2026-09-28 22:28:12	57444f482b7d
arch	_movedout_scratch_2026_09_29\verif_doubt6_v_20260928\_b5_out.txt	4936	2026-09-28 22:36:08	2026-09-28 22:28:12	d8b295ff4236
arch	_movedout_scratch_2026_09_29\verif_doubt6_v_20260928\_b5_p3_probe.json	1974	2026-09-28 22:28:46	2026-09-28 22:28:46	4c1341e46041
arch	_movedout_scratch_2026_09_29\verif_doubt6_v_20260928\_concurrent_partial_0ee3ffd7e17e.md	8346	2026-09-28 22:34:09	2026-09-28 22:36:03	0ee3ffd7e17e
arch	_movedout_scratch_2026_09_29\verif_doubt6_v_20260928\_merged_canonical_snapshot_224910.md	51778	2026-09-28 22:46:33	2026-09-28 22:49:10	ffda214d1917
arch	_movedout_scratch_2026_09_29\verif_doubt6_v_20260928\_pre_b11_snapshot.json	295	2026-09-28 22:31:21	2026-09-28 22:31:21	34d09c376643
arch	_movedout_scratch_2026_09_29\verif_doubt6_v_20260928\_sibling_partial_preserved.md	8346	2026-09-28 22:34:09	2026-09-28 22:49:10	0ee3ffd7e17e
arch	_movedout_scratch_2026_09_29\verif_doubt6_v_20260928\_v5_trae_doubt6_verify_2026_09_28.md	51778	2026-09-28 22:46:33	2026-09-28 22:33:56	ffda214d1917
arch	_movedout_scratch_2026_09_29\verif_doubt6_v_20260928\b11\b11_executor_COPY.py	38431	2026-09-28 22:31:03	2026-09-28 22:31:03	1a97cc02b7e5
arch	_movedout_scratch_2026_09_29\verif_doubt6_v_20260928\b11_out\result_2026_09_27.json	146601	2026-09-28 22:31:24	2026-09-28 22:31:24	689a6e4427a8
